Cech Petr,arsenal,P. Cech , Petr C., Petr Cech ,Cech Petr,
Iliev Dejan,arsenal,D. Iliev , Dejan I., Dejan Iliev ,Iliev Dejan,
Macey Matt,arsenal,M. Macey , Matt M., Matt Macey ,Macey Matt,
Ospina David,arsenal,D. Ospina , David O., David Ospina ,Ospina David,
Begovic Asmir,bournemouth,A. Begovic , Asmir B., Asmir Begovic ,Begovic Asmir,
Boruc Artur,bournemouth,A. Boruc , Artur B., Artur Boruc ,Boruc Artur,
Federici Adam,bournemouth,A. Federici , Adam F., Adam Federici ,Federici Adam,
Krul Tim,brighton,T. Krul , Tim K., Tim Krul ,Krul Tim,
Maenpaa Niki,brighton,N. Maenpaa , Niki M., Niki Maenpaa ,Maenpaa Niki,
Ryan Mathew,brighton,M. Ryan , Mathew R., Mathew Ryan ,Ryan Mathew,
Heaton Tom,burnley,T. Heaton , Tom H., Tom Heaton ,Heaton Tom,
Legzdins Adam,burnley,A. Legzdins , Adam L., Adam Legzdins ,Legzdins Adam,
Lindegaard Anders,burnley,A. Lindegaard , Anders L., Anders Lindegaard ,Lindegaard Anders,
Pope Nick,burnley,N. Pope , Nick P., Nick Pope ,Pope Nick,
Caballero Wilfredo,chelsea,W. Caballero , Wilfredo C., Wilfredo Caballero ,Caballero Wilfredo,
Courtois Thibaut,chelsea,T. Courtois , Thibaut C., Thibaut Courtois ,Courtois Thibaut,
Eduardo,chelsea,,,Eduardo Eduardo,Eduardo,Eduardo
Hennessey Wayne,crystal palace,W. Hennessey , Wayne H., Wayne Hennessey ,Hennessey Wayne,
Henry Dion,crystal palace,D. Henry , Dion H., Dion Henry ,Henry Dion,
Speroni Julian,crystal palace,J. Speroni , Julian S., Julian Speroni ,Speroni Julian,
Hewelt Mateusz,everton,M. Hewelt , Mateusz H., Mateusz Hewelt ,Hewelt Mateusz,
Pickford Jordan,everton,J. Pickford , Jordan P., Jordan Pickford ,Pickford Jordan,
Robles Joel,everton,J. Robles , Joel R., Joel Robles ,Robles Joel,
Stekelenburg Maarten,everton,M. Stekelenburg , Maarten S., Maarten Stekelenburg ,Stekelenburg Maarten,
Coleman Joel,huddersfield,J. Coleman , Joel C., Joel Coleman ,Coleman Joel,
Green Robert,huddersfield,R. Green , Robert G., Robert Green ,Green Robert,
Lossl Jonas,huddersfield,J. Lossl , Jonas L., Jonas Lossl ,Lossl Jonas,
Hamer Ben,leicester,B. Hamer , Ben H., Ben Hamer ,Hamer Ben,
Jakupovic Eldin,leicester,E. Jakupovic , Eldin J., Eldin Jakupovic ,Jakupovic Eldin,
Schmeichel Kasper,leicester,K. Schmeichel , Kasper S., Kasper Schmeichel ,Schmeichel Kasper,
Karius Loris,liverpool,L. Karius , Loris K., Loris Karius ,Karius Loris,
Mignolet Simon,liverpool,S. Mignolet , Simon M., Simon Mignolet ,Mignolet Simon,
Ward Danny,liverpool,D. Ward , Danny W., Danny Ward ,Ward Danny,
Bravo Claudio,manchester city,C. Bravo , Claudio B., Claudio Bravo ,Bravo Claudio,
Ederson,manchester city,M. Ederson , Moraes E., Moraes Ederson ,Ederson Moraes,
Pereira Joel,manchester utd,J. Pereira , Joel P., Joel Pereira ,Pereira Joel,
Romero Sergio,manchester utd,S. Romero , Sergio R., Sergio Romero ,Romero Sergio,
de Gea David,manchester utd,G. de , Gea David d., Gea David de ,de Gea David,
Darlow Karl,newcastle,K. Darlow , Karl D., Karl Darlow ,Darlow Karl,
Dubravka Martin,newcastle,M. Dubravka , Martin D., Martin Dubravka ,Dubravka Martin,
Elliot Rob,newcastle,R. Elliot , Rob E., Rob Elliot ,Elliot Rob,
Forster Fraser,southampton,F. Forster , Fraser F., Fraser Forster ,Forster Fraser,
McCarthy Alex,southampton,A. McCarthy , Alex M., Alex McCarthy ,McCarthy Alex,
Butland Jack,stoke,J. Butland , Jack B., Jack Butland ,Butland Jack,
Grant Lee,stoke,L. Grant , Lee G., Lee Grant ,Grant Lee,
Haugaard Jakob,stoke,J. Haugaard , Jakob H., Jakob Haugaard ,Haugaard Jakob,
Fabianski Lukasz,swansea,L. Fabianski , Lukasz F., Lukasz Fabianski ,Fabianski Lukasz,
Mulder Erwin,swansea,E. Mulder , Erwin M., Erwin Mulder ,Mulder Erwin,
Nordfeldt Kristoffer,swansea,K. Nordfeldt , Kristoffer N., Kristoffer Nordfeldt ,Nordfeldt Kristoffer,
Gazzaniga Paulo,tottenham,P. Gazzaniga , Paulo G., Paulo Gazzaniga ,Gazzaniga Paulo,
Lloris Hugo,tottenham,H. Lloris , Hugo L., Hugo Lloris ,Lloris Hugo,
Vorm Michel,tottenham,M. Vorm , Michel V., Michel Vorm ,Vorm Michel,
Whiteman Alfie,tottenham,A. Whiteman , Alfie W., Alfie Whiteman ,Whiteman Alfie,
Bachmann Daniel,watford,D. Bachmann , Daniel B., Daniel Bachmann ,Bachmann Daniel,
Gomes Heurelho,watford,H. Gomes , Heurelho G., Heurelho Gomes ,Gomes Heurelho,
Karnezis Orestis,watford,O. Karnezis , Orestis K., Orestis Karnezis ,Karnezis Orestis,
Foster Ben,west brom,B. Foster , Ben F., Ben Foster ,Foster Ben,
Myhill Glyn Oliver,west brom,G. Myhill , Glyn Oliver M., Glyn Oliver Myhill ,Myhill Glyn Oliver,
Palmer Alex,west brom,A. Palmer , Alex P., Alex Palmer ,Palmer Alex,
Adrián,west ham,,,Adrián Adrián,Adrián,Adrian
Hart Joe,west ham,J. Hart , Joe H., Joe Hart ,Hart Joe,
Trott Nathan,west ham,N. Trott , Nathan T., Nathan Trott ,Trott Nathan,
Bellerín Héctor,arsenal,H. Bellerín , Héctor B., Héctor Bellerín ,Bellerín Héctor,
Chambers Calum,arsenal,C. Chambers , Calum C., Calum Chambers ,Chambers Calum,
Holding Rob,arsenal,R. Holding , Rob H., Rob Holding ,Holding Rob,
Kolasinac Sead,arsenal,S. Kolasinac , Sead K., Sead Kolasinac ,Kolasinac Sead,
Koscielny Laurent,arsenal,L. Koscielny , Laurent K., Laurent Koscielny ,Koscielny Laurent,
Mavropanos Konstantinos,arsenal,K. Mavropanos , Konstantinos M., Konstantinos Mavropanos ,Mavropanos Konstantinos,
Mertesacker Per,arsenal,P. Mertesacker , Per M., Per Mertesacker ,Mertesacker Per,
Monreal Nacho,arsenal,N. Monreal , Nacho M., Nacho Monreal ,Monreal Nacho,
Mustafi Shkodran,arsenal,S. Mustafi , Shkodran M., Shkodran Mustafi ,Mustafi Shkodran,
Osei-Tutu Jordi,arsenal,J. Osei-Tutu , Jordi O., Jordi Osei-Tutu ,Osei-Tutu Jordi,
Ake Nathan,bournemouth,N. Ake , Nathan A., Nathan Ake ,Ake Nathan,
Cook Steve,bournemouth,S. Cook , Steve C., Steve Cook ,Cook Steve,
Francis Simon,bournemouth,S. Francis , Simon F., Simon Francis ,Francis Simon,
Mings Tyrone,bournemouth,T. Mings , Tyrone M., Tyrone Mings ,Mings Tyrone,
Smith Adam,bournemouth,A. Smith , Adam S., Adam Smith ,Smith Adam,
Smith Bradley,bournemouth,B. Smith , Bradley S., Bradley Smith ,Smith Bradley,
Bong Gaetan,brighton,G. Bong , Gaetan B., Gaetan Bong ,Bong Gaetan,
Duffy Shane,brighton,S. Duffy , Shane D., Shane Duffy ,Duffy Shane,
Dunk Lewis,brighton,L. Dunk , Lewis D., Lewis Dunk ,Dunk Lewis,
Goldson Connor,brighton,C. Goldson , Connor G., Connor Goldson ,Goldson Connor,
Hunemeier Uwe,brighton,U. Hunemeier , Uwe H., Uwe Hunemeier ,Hunemeier Uwe,
Mateju Ales,brighton,A. Mateju , Ales M., Ales Mateju ,Mateju Ales,
Rosenior Liam,brighton,L. Rosenior , Liam R., Liam Rosenior ,Rosenior Liam,
Saltor Bruno,brighton,B. Saltor , Bruno S., Bruno Saltor ,Saltor Bruno,
Suttner Markus,brighton,M. Suttner , Markus S., Markus Suttner ,Suttner Markus,
Bardsley Phillip,burnley,P. Bardsley , Phillip B., Phillip Bardsley ,Bardsley Phillip,
Long Kevin,burnley,K. Long , Kevin L., Kevin Long ,Long Kevin,
Lowton Matthew,burnley,M. Lowton , Matthew L., Matthew Lowton ,Lowton Matthew,
Mee Ben,burnley,B. Mee , Ben M., Ben Mee ,Mee Ben,
Tarkowski James,burnley,J. Tarkowski , James T., James Tarkowski ,Tarkowski James,
Ward Stephen,burnley,S. Ward , Stephen W., Stephen Ward ,Ward Stephen,
Alonso Marcos,chelsea,M. Alonso , Marcos A., Marcos Alonso ,Alonso Marcos,
Azpilicueta Cesar,chelsea,C. Azpilicueta , Cesar A., Cesar Azpilicueta ,Azpilicueta Cesar,
Cahill Gary,chelsea,G. Cahill , Gary C., Gary Cahill ,Cahill Gary,
Chalobah Trevoh,chelsea,T. Chalobah , Trevoh C., Trevoh Chalobah ,Chalobah Trevoh,
Christensen Andreas,chelsea,A. Christensen , Andreas C., Andreas Christensen ,Christensen Andreas,
Emerson,chelsea,,,Emerson Emerson,Emerson,
Luiz David,chelsea,D. Luiz , David L., David Luiz ,Luiz David,
Moses Victor,chelsea,V. Moses , Victor M., Victor Moses ,Moses Victor,
Rudiger Antonio,chelsea,A. Rudiger , Antonio R., Antonio Rudiger ,Rudiger Antonio,
Sterling Dujon,chelsea,D. Sterling , Dujon S., Dujon Sterling ,Sterling Dujon,
Zappacosta Davide,chelsea,D. Zappacosta , Davide Z., Davide Zappacosta ,Zappacosta Davide,
Dann Scott,crystal palace,S. Dann , Scott D., Scott Dann ,Dann Scott,
Delaney Damien,crystal palace,D. Delaney , Damien D., Damien Delaney ,Delaney Damien,
Fosu-Mensah Timothy,crystal palace,T. Fosu-Mensah , Timothy F., Timothy Fosu-Mensah ,Fosu-Mensah Timothy,
Jach Jaroslaw,crystal palace,J. Jach , Jaroslaw J., Jaroslaw Jach ,Jach Jaroslaw,
Kelly Martin,crystal palace,M. Kelly , Martin K., Martin Kelly ,Kelly Martin,
Riedewald Jairo,crystal palace,J. Riedewald , Jairo R., Jairo Riedewald ,Riedewald Jairo,
Sakho Mamadou,crystal palace,M. Sakho , Mamadou S., Mamadou Sakho ,Sakho Mamadou,
Souare Pape,crystal palace,P. Souare , Pape S., Pape Souare ,Souare Pape,
Tomkins James,crystal palace,J. Tomkins , James T., James Tomkins ,Tomkins James,
Ward Joel,crystal palace,J. Ward , Joel W., Joel Ward ,Ward Joel,
van Aanholt Patrick,crystal palace,P. van Aanholt, Patrick v., Patrick van Aanholt,van Aanholt Patrick,
Baines Leighton,everton,L. Baines , Leighton B., Leighton Baines ,Baines Leighton,
Coleman Seamus,everton,S. Coleman , Seamus C., Seamus Coleman ,Coleman Seamus,
Garbutt Luke,everton,L. Garbutt , Luke G., Luke Garbutt ,Garbutt Luke,
Holgate Mason,everton,M. Holgate , Mason H., Mason Holgate ,Holgate Mason,
Jagielka Phil,everton,P. Jagielka , Phil J., Phil Jagielka ,Jagielka Phil,
Keane Michael,everton,M. Keane , Michael K., Michael Keane ,Keane Michael,
Kenny Jonjoe,everton,J. Kenny , Jonjoe K., Jonjoe Kenny ,Kenny Jonjoe,
Mangala Eliaquim,everton,E. Mangala , Eliaquim M., Eliaquim Mangala ,Mangala Eliaquim,
Martina Cuco,everton,C. Martina , Cuco M., Cuco Martina ,Martina Cuco,
Williams Ashley,everton,A. Williams , Ashley W., Ashley Williams ,Williams Ashley,
Hefele Michael,huddersfield,M. Hefele , Michael H., Michael Hefele ,Hefele Michael,
Kongolo Terence,huddersfield,T. Kongolo , Terence K., Terence Kongolo ,Kongolo Terence,
Lowe Chris,huddersfield,C. Lowe , Chris L., Chris Lowe ,Lowe Chris,
Malone Scott,huddersfield,S. Malone , Scott M., Scott Malone ,Malone Scott,
Schindler Christopher,huddersfield,C. Schindler , Christopher S., Christopher Schindler ,Schindler Christopher,
Smith Tom,huddersfield,T. Smith , Tom S., Tom Smith ,Smith Tom,
Zanka,huddersfield,J. Mahthias , Jorgensen M., Jorgensen Mahthias ,Mahthias Jorgensen,Zanka
Benalouane Yohan,leicester,Y. Benalouane , Yohan B., Yohan Benalouane ,Benalouane Yohan,
Chilwell Benjamin,leicester,B. Chilwell , Benjamin C., Benjamin Chilwell ,Chilwell Benjamin,
Dragovic Aleksandar,leicester,A. Dragovic , Aleksandar D., Aleksandar Dragovic ,Dragovic Aleksandar,
Fuchs Christian,leicester,C. Fuchs , Christian F., Christian Fuchs ,Fuchs Christian,
Huth Robert,leicester,R. Huth , Robert H., Robert Huth ,Huth Robert,
Maguire Harry,leicester,H. Maguire , Harry M., Harry Maguire ,Maguire Harry,
Morgan Wes,leicester,W. Morgan , Wes M., Wes Morgan ,Morgan Wes,
Ndidi Wilfred,leicester,W. Ndidi , Wilfred N., Wilfred Ndidi ,Ndidi Wilfred,
Simpson Danny,leicester,D. Simpson , Danny S., Danny Simpson ,Simpson Danny,
Alexander-Arnold Trent,liverpool,T. Alexander-Arnold , Trent A., Trent Alexander-Arnold ,Alexander-Arnold Trent,
Gomez Joe,liverpool,J. Gomez , Joe G., Joe Gomez ,Gomez Joe,
Klavan Ragnar,liverpool,R. Klavan , Ragnar K., Ragnar Klavan ,Klavan Ragnar,
Lovren Dejan,liverpool,D. Lovren , Dejan L., Dejan Lovren ,Lovren Dejan,
Matip Joel,liverpool,J. Matip , Joel M., Joel Matip ,Matip Joel,
Milner James,liverpool,J. Milner , James M., James Milner ,Milner James,
Moreno Alberto,liverpool,A. Moreno , Alberto M., Alberto Moreno ,Moreno Alberto,
Robertson Andrew,liverpool,A. Robertson , Andrew R., Andrew Robertson ,Robertson Andrew,
Van Dijk Virgil,liverpool,V. Van Dijk , Virgil V., Virgil Van Dijk ,Van Dijk Virgil,
Adarabioyo Oluwatosin,manchester city,O. Adarabioyo , Oluwatosin A., Oluwatosin Adarabioyo ,Adarabioyo Oluwatosin,
Danilo,manchester city,,,,Danilo,Danilo
Duhaney Demeaco,manchester city,D. Duhaney , Demeaco D., Demeaco Duhaney ,Duhaney Demeaco,
Kompany Vincent,manchester city,V. Kompany , Vincent K., Vincent Kompany ,Kompany Vincent,
Laporte Aymeric,manchester city,A. Laporte , Aymeric L., Aymeric Laporte ,Laporte Aymeric,
Mendy Benjamin,manchester city,B. Mendy , Benjamin M., Benjamin Mendy ,Mendy Benjamin,
Otamendi Nicolas,manchester city,N. Otamendi , Nicolas O., Nicolas Otamendi ,Otamendi Nicolas,
Stones John,manchester city,J. Stones , John S., John Stones ,Stones John,
Walker Kyle,manchester city,K. Walker , Kyle W., Kyle Walker ,Walker Kyle,
Bailly Eric Bertrand,manchester utd,E. Bailly , Eric Bertrand B., Eric Bertrand Bailly ,Bailly Eric Bertrand,
Darmian Matteo,manchester utd,M. Darmian , Matteo D., Matteo Darmian ,Darmian Matteo,
Jones Phil,manchester utd,P. Jones , Phil J., Phil Jones ,Jones Phil,
Lindelof Victor,manchester utd,V. Lindelof , Victor L., Victor Lindelof ,Lindelof Victor,
Rojo Marcos,manchester utd,M. Rojo , Marcos R., Marcos Rojo ,Rojo Marcos,
Shaw Luke,manchester utd,L. Shaw , Luke S., Luke Shaw ,Shaw Luke,
Smalling Chris,manchester utd,C. Smalling , Chris S., Chris Smalling ,Smalling Chris,
Valencia Antonio,manchester utd,A. Valencia , Antonio V., Antonio Valencia ,Valencia Antonio,
Clark Ciaran,newcastle,C. Clark , Ciaran C., Ciaran Clark ,Clark Ciaran,
Dummett Paul,newcastle,P. Dummett , Paul D., Paul Dummett ,Dummett Paul,
Gámez Jesus,newcastle,J. Gámez , Jesus G., Jesus Gámez ,Gámez Jesus,
Haidara Massadio,newcastle,M. Haidara , Massadio H., Massadio Haidara ,Haidara Massadio,
Hayden Isaac,newcastle,I. Hayden , Isaac H., Isaac Hayden ,Hayden Isaac,
Lascelles Jamaal,newcastle,J. Lascelles , Jamaal L., Jamaal Lascelles ,Lascelles Jamaal,
Lejeune Florian,newcastle,F. Lejeune , Florian L., Florian Lejeune ,Lejeune Florian,
Manquillo Javier,newcastle,J. Manquillo , Javier M., Javier Manquillo ,Manquillo Javier,
Mbemba Chancel,newcastle,C. Mbemba , Chancel M., Chancel Mbemba ,Mbemba Chancel,
Yedlin DeAndre,newcastle,D. Yedlin , DeAndre Y., DeAndre Yedlin ,Yedlin DeAndre,
Bednarek Jan,southampton,J. Bednarek , Jan B., Jan Bednarek ,Bednarek Jan,
Bertrand Ryan,southampton,R. Bertrand , Ryan B., Ryan Bertrand ,Bertrand Ryan,
Cedric Alves,southampton,A. Cedric , Alves C., Alves Cedric ,Cedric Alves,
Hoedt Wesley,southampton,W. Hoedt , Wesley H., Wesley Hoedt ,Hoedt Wesley,
Stephens Jack,southampton,J. Stephens , Jack S., Jack Stephens ,Stephens Jack,
Yoshida Maya,southampton,M. Yoshida , Maya Y., Maya Yoshida ,Yoshida Maya,
Bauer Moritz,stoke,M. Bauer , Moritz B., Moritz Bauer ,Bauer Moritz,
Edwards Thomas,stoke,T. Edwards , Thomas E., Thomas Edwards ,Edwards Thomas,
Johnson Glen,stoke,G. Johnson , Glen J., Glen Johnson ,Johnson Glen,
Martins Indi Bruno,stoke,I. Martins , Indi Bruno M., Indi Bruno Martins ,Martins Indi Bruno,
Pieters Erik,stoke,E. Pieters , Erik P., Erik Pieters ,Pieters Erik,
Shawcross Ryan,stoke,R. Shawcross , Ryan S., Ryan Shawcross ,Shawcross Ryan,
Stafylidis Konstantinos,stoke,K. Stafylidis , Konstantinos S., Konstantinos Stafylidis ,Stafylidis Konstantinos,
Wimmer Kevin,stoke,K. Wimmer , Kevin W., Kevin Wimmer ,Wimmer Kevin,
Zouma Kurt,stoke,K. Zouma , Kurt Z., Kurt Zouma ,Zouma Kurt,
Bartley Kyle,swansea,K. Bartley , Kyle B., Kyle Bartley ,Bartley Kyle,
Fernández Federico,swansea,F. Fernández , Federico F., Federico Fernández ,Fernández Federico,
James Daniel,swansea,D. James , Daniel J., Daniel James ,James Daniel,
Mawson Alfie,swansea,A. Mawson , Alfie M., Alfie Mawson ,Mawson Alfie,
Naughton Kyle,swansea,K. Naughton , Kyle N., Kyle Naughton ,Naughton Kyle,
Olsson Martin,swansea,M. Olsson , Martin O., Martin Olsson ,Olsson Martin,
Rangel Angel,swansea,A. Rangel , Angel R., Angel Rangel ,Rangel Angel,
Roberts Connor,swansea,C. Roberts , Connor R., Connor Roberts ,Roberts Connor,
van der Hoorn Mike,swansea,M. van  der Hoorn , Mike v., Mike van  der Hoorn ,van der Hoorn Mike,
Alderweireld Toby,tottenham,T. Alderweireld , Toby A., Toby Alderweireld ,Alderweireld Toby,
Aurier Serge,tottenham,S. Aurier , Serge A., Serge Aurier ,Aurier Serge,
Davies Ben,tottenham,B. Davies , Ben D., Ben Davies ,Davies Ben,
Foyth Juan,tottenham,J. Foyth , Juan F., Juan Foyth ,Foyth Juan,
Rose Danny,tottenham,D. Rose , Danny R., Danny Rose ,Rose Danny,
Sánchez Davinson,tottenham,D. Sánchez , Davinson S., Davinson Sánchez ,Sánchez Davinson,
Trippier Kieran,tottenham,K. Trippier , Kieran T., Kieran Trippier ,Trippier Kieran,
Vertonghen Jan,tottenham,J. Vertonghen , Jan V., Jan Vertonghen ,Vertonghen Jan,
Walker-Peters Kyle,tottenham,K. Walker-Peters , Kyle W., Kyle Walker-Peters ,Walker-Peters Kyle,
Britos Miguel Ángel,watford,M. Bristos , Miguel Ángel B., Miguel Ángel Bristos ,Bristos Miguel Ángel,
Holebas Jose,watford,J. Holebas , Jose H., Jose Holebas ,Holebas Jose,
Janmaat Daryl,watford,D. Janmaat , Daryl J., Daryl Janmaat ,Janmaat Daryl,
Kabasele Christian,watford,C. Kabasele , Christian K., Christian Kabasele ,Kabasele Christian,
Kaboul Younes,watford,Y. Kaboul , Younes K., Younes Kaboul ,Kaboul Younes,
Mariappa Adrian,watford,A. Mariappa , Adrian M., Adrian Mariappa ,Mariappa Adrian,
Mukena Joy,watford,J. Mukena , Joy M., Joy Mukena ,Mukena Joy,
Prodl Sebastian,watford,S. Prodl , Sebastian P., Sebastian Prodl ,Prodl Sebastian,
Wague Molla,watford,M. Wague , Molla W., Molla Wague ,Wague Molla,
Zeegelaar Marvin,watford,M. Zeegelaar , Marvin Z., Marvin Zeegelaar ,Zeegelaar Marvin,
Dawson Craig,west brom,C. Dawson , Craig D., Craig Dawson ,Dawson Craig,
Evans Jonny,west brom,J. Evans , Jonny E., Jonny Evans ,Evans Jonny,
Gabr Ali,west brom,A. Gabr , Ali G., Ali Gabr ,Gabr Ali,
Gibbs Kieran,west brom,K. Gibbs , Kieran G., Kieran Gibbs ,Gibbs Kieran,
Hegazy Ahmed,west brom,A. Hegazy , Ahmed H., Ahmed Hegazy ,Hegazy Ahmed,
Jameson Kyle,west brom,K. Jameson , Kyle J., Kyle Jameson ,Jameson Kyle,
McAuley Gareth,west brom,G. McAuley , Gareth M., Gareth McAuley ,McAuley Gareth,
Nyom Allan,west brom,A. Nyom , Allan N., Allan Nyom ,Nyom Allan,
Collins James,west ham,J. Collins , James C., James Collins ,Collins James,
Cresswell Aaron,west ham,A. Cresswell , Aaron C., Aaron Cresswell ,Cresswell Aaron,
Evra Patrice,west ham,P. Evra , Patrice E., Patrice Evra ,Evra Patrice,
Masuaku Arthur,west ham,A. Masuaku , Arthur M., Arthur Masuaku ,Masuaku Arthur,
Neufville Vashon,west ham,V. Neufville , Vashon N., Vashon Neufville ,Neufville Vashon,
Ogbonna Angelo,west ham,A. Ogbonna , Angelo O., Angelo Ogbonna ,Ogbonna Angelo,
Reid Winston,west ham,W. Reid , Winston R., Winston Reid ,Reid Winston,
Zabaleta Pablo,west ham,P. Zabaleta , Pablo Z., Pablo Zabaleta ,Zabaleta Pablo,
Dasilva Pelenda,arsenal,P. Dasilva , Pelenda D., Pelenda Dasilva ,Dasilva Pelenda,
Dragomir Vlad,arsenal,V. Dragomir , Vlad D., Vlad Dragomir ,Dragomir Vlad,
Elneny Mohamed,arsenal,M. Elneny , Mohamed E., Mohamed Elneny ,Elneny Mohamed,
Gilmour Charlie,arsenal,C. Gilmour , Charlie G., Charlie Gilmour ,Gilmour Charlie,
Iwobi Alex,arsenal,A. Iwobi , Alex I., Alex Iwobi ,Iwobi Alex,
Maitland-Niles Ainsley,arsenal,A. Maitland-Niles , Ainsley M., Ainsley Maitland-Niles ,Maitland-Niles Ainsley,
Mkhitaryan Henrikh,arsenal,H. Mkhitaryan , Henrikh M., Henrikh Mkhitaryan ,Mkhitaryan Henrikh,
Ramsey Aaron,arsenal,A. Ramsey , Aaron R., Aaron Ramsey ,Ramsey Aaron,
Sheaf Ben,arsenal,B. Sheaf , Ben S., Ben Sheaf ,Sheaf Ben,
Wilshere Jack,arsenal,J. Wilshere , Jack W., Jack Wilshere ,Wilshere Jack,
Xhaka Granit,arsenal,G. Xhaka , Granit X., Granit Xhaka ,Xhaka Granit,
Özil Mesut,arsenal,M. Özil , Mesut Ö., Mesut Özil ,Özil Mesut,
Arter Harry,bournemouth,H. Arter , Harry A., Harry Arter ,Arter Harry,
Butcher Matt,bournemouth,M. Butcher , Matt B., Matt Butcher ,Butcher Matt,
Cook Lewis,bournemouth,L. Cook , Lewis C., Lewis Cook ,Cook Lewis,
Daniels Charlie,bournemouth,C. Daniels , Charlie D., Charlie Daniels ,Daniels Charlie,
Fraser Ryan,bournemouth,R. Fraser , Ryan F., Ryan Fraser ,Fraser Ryan,
Gosling Dan,bournemouth,D. Gosling , Dan G., Dan Gosling ,Gosling Dan,
Hyndman Emerson,bournemouth,E. Hyndman , Emerson H., Emerson Hyndman ,Hyndman Emerson,
Mousset Lys,bournemouth,L. Mousset , Lys M., Lys Mousset ,Mousset Lys,
Stanislas Junior,bournemouth,J. Stanislas , Junior S., Junior Stanislas ,Stanislas Junior,
Surman Andrew,bournemouth,A. Surman , Andrew S., Andrew Surman ,Surman Andrew,
Taylor Kyle,bournemouth,K. Taylor , Kyle T., Kyle Taylor ,Taylor Kyle,
Gross Pascal,brighton,P. Gross , Pascal G., Pascal Gross ,Gross Pascal,
Hutchinson Desmond,brighton,D. Hutchinson , Desmond H., Desmond Hutchinson ,Hutchinson Desmond,
Kayal Biram,brighton,B. Kayal , Biram K., Biram Kayal ,Kayal Biram,
Knockaert Anthony,brighton,A. Knockaert , Anthony K., Anthony Knockaert ,Knockaert Anthony,
March Solomon,brighton,S. March , Solomon M., Solomon March ,March Solomon,
Molumby Jayson,brighton,J. Molumby , Jayson M., Jayson Molumby ,Molumby Jayson,
Propper Davy,brighton,D. Propper , Davy P., Davy Propper ,Propper Davy,
Schelotto Ezequiel,brighton,E. Schelotto , Ezequiel S., Ezequiel Schelotto ,Schelotto Ezequiel,
Skalak Jiri,brighton,J. Skalak , Jiri S., Jiri Skalak ,Skalak Jiri,
Arfield Scott,burnley,S. Arfield , Scott A., Scott Arfield ,Arfield Scott,
Brady Robbie,burnley,R. Brady , Robbie B., Robbie Brady ,Brady Robbie,
Cork Jack,burnley,J. Cork , Jack C., Jack Cork ,Cork Jack,
Defour Steven,burnley,S. Defour , Steven D., Steven Defour ,Defour Steven,
Hendrick Jeff,burnley,J. Hendrick , Jeff H., Jeff Hendrick ,Hendrick Jeff,
Marney Dean,burnley,D. Marney , Dean M., Dean Marney ,Marney Dean,
N'Koudou Georges-Kevin,burnley,G. N'Koudou , Georges-Kevin N., Georges-Kevin N'Koudou ,N'Koudou Georges-Kevin,
O'Neill Aiden,burnley,A. O'Neill , Aiden O., Aiden O'Neill ,O'Neill Aiden,
Taylor Charlie,burnley,C. Taylor , Charlie T., Charlie Taylor ,Taylor Charlie,
Westwood Ashley,burnley,A. Westwood , Ashley W., Ashley Westwood ,Westwood Ashley,
Ampadu Ethan,chelsea,E. Ampadu , Ethan A., Ethan Ampadu ,Ampadu Ethan,
Bakayoko Tiémoué,chelsea,T. Bayayoko , Tiémoué B., Tiémoué Bayayoko ,Bayayoko Tiémoué,
Barkley Ross,chelsea,R. Barkley , Ross B., Ross Barkley ,Barkley Ross,
Drinkwater Daniel,chelsea,D. Drinkwater , Daniel D., Daniel Drinkwater ,Drinkwater Daniel,
Fàbregas Cesc,chelsea,C. Fàbregas , Cesc F., Cesc Fàbregas ,Fàbregas Cesc,
Hazard Eden,chelsea,E. Hazard , Eden H., Eden Hazard ,Hazard Eden,
Hudson-Odoi Callum,chelsea,C. Hudson-Odoi , Callum H., Callum Hudson-Odoi ,Hudson-Odoi Callum,
Kanté N'Golo,chelsea,N. Kanté , N'Golo K., N'Golo Kanté ,Kanté N'Golo,Kante
Pedro,chelsea,e. Pedro,Pedro P.,Pedro Pedro,Pedro,
Scott Kyle,chelsea,K. Scott , Kyle S., Kyle Scott ,Scott Kyle,
Willian,chelsea,i. Willian,Willian W.,Willian Willian,Willian,
Cabaye Yohan,crystal palace,Y. Cabaye , Yohan C., Yohan Cabaye ,Cabaye Yohan,
Kirby Nya,crystal palace,N. Kirby , Nya K., Nya Kirby ,Kirby Nya,
Loftus-Cheek Ruben,crystal palace,R. Loftus-Cheek , Ruben L., Ruben Loftus-Cheek ,Loftus-Cheek Ruben,
McArthur James,crystal palace,J. McArthur , James M., James McArthur ,McArthur James,
Milivojevic Luka,crystal palace,L. Milivojevic , Luka M., Luka Milivojevic ,Milivojevic Luka,
Mutch Jordon,crystal palace,J. Mutch , Jordon M., Jordon Mutch ,Mutch Jordon,
Phillips Michael,crystal palace,M. Phillips , Michael P., Michael Phillips ,Phillips Michael,
Puncheon Jason,crystal palace,J. Puncheon , Jason P., Jason Puncheon ,Puncheon Jason,
Sako Bakary,crystal palace,B. Sako , Bakary S., Bakary Sako ,Sako Bakary,
Townsend Andros,crystal palace,A. Townsend , Andros T., Andros Townsend ,Townsend Andros,
Baningime Beni,everton,B. Baningime , Beni B., Beni Baningime ,Baningime Beni,
Bolasie Yannick,everton,Y. Bolasie , Yannick B., Yannick Bolasie ,Bolasie Yannick,
Davies Tom,everton,T. Davies , Tom D., Tom Davies ,Davies Tom,
Denny Alexander,everton,A. Denny , Alexander D., Alexander Denny ,Denny Alexander,
Duke-McKenna Stephen,everton,S. Duke-McKenna , Stephen D., Stephen Duke-McKenna ,Duke-McKenna Stephen,
Gordon Anthony,everton,A. Gordon , Anthony G., Anthony Gordon ,Gordon Anthony,
Gueye Idrissa,everton,I. Gueye , Idrissa G., Idrissa Gueye ,Gueye Idrissa,
Hornby Fraser,everton,F. Hornby , Fraser H., Fraser Hornby ,Hornby Fraser,
Klaassen Davy,everton,D. Klaassen , Davy K., Davy Klaassen ,Klaassen Davy,
Lavery Shayne,everton,S. Lavery , Shayne L., Shayne Lavery ,Lavery Shayne,
McCarthy James,everton,J. McCarthy , James M., James McCarthy ,McCarthy James,
Schneiderlin Morgan,everton,M. Schneiderlin , Morgan S., Morgan Schneiderlin ,Schneiderlin Morgan,
Sigurdsson Gylfi,everton,G. Sigurdsson , Gylfi S., Gylfi Sigurdsson ,Sigurdsson Gylfi,
Vlasic Nikola,everton,N. Vlasic , Nikola V., Nikola Vlasic ,Vlasic Nikola,
Billing Philip,huddersfield,P. Billing , Philip B., Philip Billing ,Billing Philip,
Hadergjonaj Florent,huddersfield,F. Hadergjonaj , Florent H., Florent Hadergjonaj ,Hadergjonaj Florent,
Hogg Jonathan,huddersfield,J. Hogg , Jonathan H., Jonathan Hogg ,Hogg Jonathan,
Mooy Aaron,huddersfield,A. Mooy , Aaron M., Aaron Mooy ,Mooy Aaron,
O'Brien Lewis,huddersfield,L. O'Brien , Lewis O., Lewis O'Brien ,O'Brien Lewis,
Pritchard Alex,huddersfield,A. Pritchard , Alex P., Alex Pritchard ,Pritchard Alex,
Whitehead Dean,huddersfield,D. Whitehead , Dean W., Dean Whitehead ,Whitehead Dean,
Williams Daniel,huddersfield,D. Williams , Daniel W., Daniel Williams ,Williams Daniel,
van La Parra Rajiv,huddersfield,L. van , La Parra Rajiv v., La Parra Rajiv van ,van La Parra Rajiv,
Albrighton Marc,leicester,M. Albrighton , Marc A., Marc Albrighton ,Albrighton Marc,
Amartey Daniel,leicester,D. Amartey , Daniel A., Daniel Amartey ,Amartey Daniel,
Barnes Harvey,leicester,H. Barnes , Harvey B., Harvey Barnes ,Barnes Harvey,
Diabate Fousseni,leicester,F. Diabate , Fousseni D., Fousseni Diabate ,Diabate Fousseni,
Gray Demarai,leicester,D. Gray , Demarai G., Demarai Gray ,Gray Demarai,
Iborra,leicester,I. Vicente , Iborra V., Iborra Vicente ,Vicente Iborra, Iborra
James Matthew,leicester,M. James , Matthew J., Matthew James ,James Matthew,
Mahrez Riyad,leicester,R. Mahrez , Riyad M., Riyad Mahrez ,Mahrez Riyad,
Silva Adrien,leicester,A. Silva , Adrien S., Adrien Silva ,Silva Adrien,
Thomas George,leicester,G. Thomas , George T., George Thomas ,Thomas George,
Can Emre,liverpool,E. Can , Emre C., Emre Can ,Can Emre,
Henderson Jordan,liverpool,J. Henderson , Jordan H., Jordan Henderson ,Henderson Jordan,
Lallana Adam,liverpool,A. Lallana , Adam L., Adam Lallana ,Lallana Adam,
Mané Sadio,liverpool,S. Mané , Sadio M., Sadio Mané ,Mané Sadio,
Oxlade-C. Alex,liverpool,A. Oxlade-C. , Alex O., Alex Oxlade-C. ,Oxlade-C. Alex,
Salah Mohamed,liverpool,M. Salah , Mohamed S., Mohamed Salah ,Salah Mohamed,
Wijnaldum Georginio,liverpool,G. Wijnaldum , Georginio W., Georginio Wijnaldum ,Wijnaldum Georginio,
De Bruyne Kevin,manchester city,K. De Bruyne, Kevin D., Kevin De Bruyne,De Bruyne Kevin,
Dele-Bashiru Ayotomiwa,manchester city,A. Dele-Bashiru , Ayotomiwa D., Ayotomiwa Dele-Bashiru ,Dele-Bashiru Ayotomiwa,
Delph Fabian,manchester city,F. Delph , Fabian D., Fabian Delph ,Delph Fabian,
Díaz Brahim,manchester city,B. Díaz , Brahim D., Brahim Díaz ,Díaz Brahim,
Fernandinho,manchester city,,,Fernandinho Fernandinho,Fernandinho,Fernandinho
Foden Phil,manchester city,P. Foden , Phil F., Phil Foden ,Foden Phil,
Gündogan Ilkay,manchester city,I. Gündogan , Ilkay G., Ilkay Gündogan ,Gündogan Ilkay,
Sané Leroy,manchester city,L. Sané , Leroy S., Leroy Sané ,Sané Leroy,
Silva Bernardo,manchester city,B. Silva , Bernardo S., Bernardo Silva ,Silva Bernardo,
Silva David,manchester city,D. Silva , David S., David Silva ,Silva David,
Sterling Raheem,manchester city,R. Sterling , Raheem S., Raheem Sterling ,Sterling Raheem,
Touré Yaya,manchester city,Y. Touré , Yaya T., Yaya Touré ,Touré Yaya,
Zinchenko Oleksandr,manchester city,O. Zinchenko , Oleksandr Z., Oleksandr Zinchenko ,Zinchenko Oleksandr,
Blind Daley,manchester utd,D. Blind , Daley B., Daley Blind ,Blind Daley,
Carrick Michael,manchester utd,M. Carrick , Michael C., Michael Carrick ,Carrick Michael,
Fellaini Marouane,manchester utd,M. Fellaini , Marouane F., Marouane Fellaini ,Fellaini Marouane,
Gomes Angel,manchester utd,A. Gomes , Angel G., Angel Gomes ,Gomes Angel,
Hamilton Ethan,manchester utd,E. Hamilton , Ethan H., Ethan Hamilton ,Hamilton Ethan,
Herrera Ander,manchester utd,A. Herrera , Ander H., Ander Herrera ,Herrera Ander,
Lingard Jesse,manchester utd,J. Lingard , Jesse L., Jesse Lingard ,Lingard Jesse,
Mata Juan Manuel,manchester utd,J. Mata , Juan Manuel M., Juan Manuel Mata ,Mata Juan Manuel,
Matic Nemanja,manchester utd,N. Matic , Nemanja M., Nemanja Matic ,Matic Nemanja,
McTominay Scott,manchester utd,S. McTominay , Scott M., Scott McTominay ,McTominay Scott,
Pogba Paul,manchester utd,P. Pogba , Paul P., Paul Pogba ,Pogba Paul,
Young Ashley,manchester utd,A. Young , Ashley Y., Ashley Young ,Young Ashley,
Diamé Mohamed,newcastle,M. Diamé , Mohamed D., Mohamed Diamé ,Diamé Mohamed,
Kenedy,newcastle,,,Kenedy Kenedy,Kenedy,Kenedy
Merino Mikel,newcastle,M. Merino , Mikel M., Mikel Merino ,Merino Mikel,
Murphy Jacob,newcastle,J. Murphy , Jacob M., Jacob Murphy ,Murphy Jacob,
Ritchie Matt,newcastle,M. Ritchie , Matt R., Matt Ritchie ,Ritchie Matt,
Shelvey Jonjo,newcastle,J. Shelvey , Jonjo S., Jonjo Shelvey ,Shelvey Jonjo,
Boufal Sofiane,southampton,S. Boufal , Sofiane B., Sofiane Boufal ,Boufal Sofiane,
Davis Steven,southampton,S. Davis , Steven D., Steven Davis ,Davis Steven,
Hojbjerg Pierre-Emile,southampton,P. Hojbjerg , Pierre-Emile H., Pierre-Emile Hojbjerg ,Hojbjerg Pierre-Emile,
Lemina Mario,southampton,M. Lemina , Mario L., Mario Lemina ,Lemina Mario,
McQueen Sam,southampton,S. McQueen , Sam M., Sam McQueen ,McQueen Sam,
Redmond Nathan,southampton,N. Redmond , Nathan R., Nathan Redmond ,Redmond Nathan,
Romeu Oriol,southampton,O. Romeu , Oriol R., Oriol Romeu ,Romeu Oriol,
Sims Joshua,southampton,J. Sims , Joshua S., Joshua Sims ,Sims Joshua,
Tadic Dusan,southampton,D. Tadic , Dusan T., Dusan Tadic ,Tadic Dusan,
Ward-Prowse James,southampton,J. Ward-Prowse , James W., James Ward-Prowse ,Ward-Prowse James,
Adam Charles Graham,stoke,C. Adam , Charles Graham A., Charles Graham Adam ,Adam Charles Graham,
Afellay Ibrahim,stoke,I. Afellay , Ibrahim A., Ibrahim Afellay ,Afellay Ibrahim,
Allen Joe,stoke,J. Allen , Joe A., Joe Allen ,Allen Joe,
Cameron Geoff,stoke,G. Cameron , Geoff C., Geoff Cameron ,Cameron Geoff,
Fletcher Darren,stoke,D. Fletcher , Darren F., Darren Fletcher ,Fletcher Darren,
Ireland Stephen,stoke,S. Ireland , Stephen I., Stephen Ireland ,Ireland Stephen,
Ndiaye Papa,stoke,P. Ndiaye , Papa N., Papa Ndiaye ,Ndiaye Papa,
Shaqiri Xherdan,stoke,X. Shaqiri , Xherdan S., Xherdan Shaqiri ,Shaqiri Xherdan,
Sobhi Ramadan,stoke,R. Sobhi , Ramadan S., Ramadan Sobhi ,Sobhi Ramadan,
Ayew André,swansea,A. Ayew , André A., André Ayew ,Ayew André,
Britton Leon,swansea,L. Britton , Leon B., Leon Britton ,Britton Leon,
Carroll Thomas,swansea,T. Carroll , Thomas C., Thomas Carroll ,Carroll Thomas,
Clucas Sam,swansea,S. Clucas , Sam C., Sam Clucas ,Clucas Sam,
Dyer Nathan,swansea,N. Dyer , Nathan D., Nathan Dyer ,Dyer Nathan,
Fer Leroy,swansea,L. Fer , Leroy F., Leroy Fer ,Fer Leroy,
Ki Sung-Yong,swansea,S. Ki , Sung-Yong K., Sung-Yong Ki ,Ki Sung-Yong,
King Andy,swansea,A. King , Andy K., Andy King ,King Andy,
Maric Adnan,swansea,A. Maric , Adnan M., Adnan Maric ,Maric Adnan,
Routledge Wayne,swansea,W. Routledge , Wayne R., Wayne Routledge ,Routledge Wayne,
Sanches Renato,swansea,R. Sanches , Renato S., Renato Sanches ,Sanches Renato,
Alli Dele,tottenham,D. Alli , Dele A., Dele Alli ,Alli Dele,
Dembélé Mousa,tottenham,M. Dembélé , Mousa D., Mousa Dembélé ,Dembélé Mousa,
Dier Eric,tottenham,E. Dier , Eric D., Eric Dier ,Dier Eric,
Eriksen Christian,tottenham,C. Eriksen , Christian E., Christian Eriksen ,Eriksen Christian,
Georgiou Anthony,tottenham,A. Georgiou , Anthony G., Anthony Georgiou ,Georgiou Anthony,
Lamela Erik,tottenham,E. Lamela , Erik L., Erik Lamela ,Lamela Erik,
Lucas,tottenham,u. Lucas,Lucas L.,Lucas Lucas,Lucas,
Oakley-Boothe Tashan,tottenham,T. Oakley-Boothe , Tashan O., Tashan Oakley-Boothe ,Oakley-Boothe Tashan,
Sissoko Moussa,tottenham,M. Sissoko , Moussa S., Moussa Sissoko ,Sissoko Moussa,
Wanyama Victor,tottenham,V. Wanyama , Victor W., Victor Wanyama ,Wanyama Victor,
Winks Harry,tottenham,H. Winks , Harry W., Harry Winks ,Winks Harry,
Capoue Etienne,watford,E. Capoue , Etienne C., Etienne Capoue ,Capoue Etienne,
Chalobah Nathaniel,watford,N. Chalobah , Nathaniel C., Nathaniel Chalobah ,Chalobah Nathaniel,
Cleverley Tom,watford,T. Cleverley , Tom C., Tom Cleverley ,Cleverley Tom,
Deulofeu Gerard,watford,G. Deulofeu , Gerard D., Gerard Deulofeu ,Deulofeu Gerard,
Doucouré Abdoulaye,watford,A. Doucouré , Abdoulaye D., Abdoulaye Doucouré ,Doucouré Abdoulaye,Doucoure
Hughes Will,watford,W. Hughes , Will H., Will Hughes ,Hughes Will,
Kiko,watford,F. Kiko , Femenéa K., Femenéa Kiko ,Kiko Femenéa,Kiko
Ndong Didier,watford,D. Ndong , Didier N., Didier Ndong ,Ndong Didier,
Pereyra Roberto,watford,R. Pereyra , Roberto P., Roberto Pereyra ,Pereyra Roberto,
Barry Gareth,west brom,G. Barry , Gareth B., Gareth Barry ,Barry Gareth,
Brunt Chris,west brom,C. Brunt , Chris B., Chris Brunt ,Brunt Chris,
Burke Oliver,west brom,O. Burke , Oliver B., Oliver Burke ,Burke Oliver,
Chadli Nacer,west brom,N. Chadli , Nacer C., Nacer Chadli ,Chadli Nacer,
Ferguson Nathan,west brom,N. Ferguson , Nathan F., Nathan Ferguson ,Ferguson Nathan,
Field Sam,west brom,S. Field , Sam F., Sam Field ,Field Sam,
Harper Rekeem,west brom,R. Harper , Rekeem H., Rekeem Harper ,Harper Rekeem,
Krychowiak Grzegorz,west brom,G. Krychowiak , Grzegorz K., Grzegorz Krychowiak ,Krychowiak Grzegorz,
Livermore Jake,west brom,J. Livermore , Jake L., Jake Livermore ,Livermore Jake,
McClean James,west brom,J. McClean , James M., James McClean ,McClean James,
Morrison James,west brom,J. Morrison , James M., James Morrison ,Morrison James,
Phillips Matt,west brom,M. Phillips , Matt P., Matt Phillips ,Phillips Matt,
Robson-Kanu Hal,west brom,H. Robson-Kanu , Hal R., Hal Robson-Kanu ,Robson-Kanu Hal,
Tulloch Rayhaan Rahim Amari,west brom,R. Tulloch , Rayhaan Rahim Amari T., Rayhaan Rahim Amari Tulloch ,Tulloch Rayhaan Rahim Amari,
Yacob Claudio,west brom,C. Yacob , Claudio Y., Claudio Yacob ,Yacob Claudio,
Antonio Michail,west ham,M. Antonio , Michail A., Michail Antonio ,Antonio Michail,
Byram Samuel,west ham,S. Byram , Samuel B., Samuel Byram ,Byram Samuel,
Cullen Josh,west ham,J. Cullen , Josh C., Josh Cullen ,Cullen Josh,
Diangana Grady,west ham,G. Diangana , Grady D., Grady Diangana ,Diangana Grady,
Fernandes Edimilson,west ham,E. Fernandes , Edimilson F., Edimilson Fernandes ,Fernandes Edimilson,
Haksabanovic Sead,west ham,S. Haksabanovic , Sead H., Sead Haksabanovic ,Haksabanovic Sead,
Kouyaté Cheikhou,west ham,C. Kouyaté , Cheikhou K., Cheikhou Kouyaté ,Kouyaté Cheikhou,Kouyate
Lanzini Manuel,west ham,M. Lanzini , Manuel L., Manuel Lanzini ,Lanzini Manuel,
Mario Joao,west ham,J. Mario , Joao M., Joao Mario ,Mario Joao,
Noble Mark,west ham,M. Noble , Mark N., Mark Noble ,Noble Mark,
Obiang Pedro,west ham,P. Obiang , Pedro O., Pedro Obiang ,Obiang Pedro,
Quina Domingos,west ham,D. Quina , Domingos Q., Domingos Quina ,Quina Domingos,
Rice Declan,west ham,D. Rice , Declan R., Declan Rice ,Rice Declan,
Aubameyang Pierre-Emerick,arsenal,P. Aubameyang , Pierre-Emerick A., Pierre-Emerick Aubameyang ,Aubameyang Pierre-Emerick,
Lacazette Alexandre,arsenal,A. Lacazette , Alexandre L., Alexandre Lacazette ,Lacazette Alexandre,
Nelson Reiss,arsenal,R. Nelson , Reiss N., Reiss Nelson ,Nelson Reiss,
Nketiah Edward,arsenal,E. Nketiah , Edward N., Edward Nketiah ,Nketiah Edward,
Welbeck Danny,arsenal,D. Welbeck , Danny W., Danny Welbeck ,Welbeck Danny,
Willock Joseph,arsenal,J. Willock , Joseph W., Joseph Willock ,Willock Joseph,
Defoe Jermain,bournemouth,J. Defoe , Jermain D., Jermain Defoe ,Defoe Jermain,
Ibe Jordon,bournemouth,J. Ibe , Jordon I., Jordon Ibe ,Ibe Jordon,
King Joshua,bournemouth,J. King , Joshua K., Joshua King ,King Joshua,
Ndjoli Mikael,bournemouth,M. Ndjoli , Mikael N., Mikael Ndjoli ,Ndjoli Mikael,
Wilson Callum,bournemouth,C. Wilson , Callum W., Callum Wilson ,Wilson Callum,
Baldock Sam,brighton,S. Baldock , Sam B., Sam Baldock ,Baldock Sam,
Hemed Tomer,brighton,T. Hemed , Tomer H., Tomer Hemed ,Hemed Tomer,
Izquierdo Jose,brighton,J. Izquierdo , Jose I., Jose Izquierdo ,Izquierdo Jose,
Locadia Jurgen,brighton,J. Locadia , Jurgen L., Jurgen Locadia ,Locadia Jurgen,
Murray Glenn,brighton,G. Murray , Glenn M., Glenn Murray ,Murray Glenn,
Ulloa Leonardo,brighton,L. Ulloa , Leonardo U., Leonardo Ulloa ,Ulloa Leonardo,
Barnes Ashley,burnley,A. Barnes , Ashley B., Ashley Barnes ,Barnes Ashley,
Gudmundsson Johann,burnley,J. Gudmundsson , Johann G., Johann Gudmundsson ,Gudmundsson Johann,
Lennon Aaron,burnley,A. Lennon , Aaron L., Aaron Lennon ,Lennon Aaron,
Vokes Sam,burnley,S. Vokes , Sam V., Sam Vokes ,Vokes Sam,
Walters Jonathan,burnley,J. Walters , Jonathan W., Jonathan Walters ,Walters Jonathan,
Wells Nahki,burnley,N. Wells , Nahki W., Nahki Wells ,Wells Nahki,
Wood Chris,burnley,C. Wood , Chris W., Chris Wood ,Wood Chris,
Giroud Olivier,chelsea,O. Giroud , Olivier G., Olivier Giroud ,Giroud Olivier,
Morata Álvaro,chelsea,Á. Morata , Álvaro M., Álvaro Morata ,Morata Álvaro,Morata
Benteke Christian,crystal palace,C. Benteke , Christian B., Christian Benteke ,Benteke Christian,
Eyenga-Lokilo Jason,crystal palace,J. Eyenga-Lokilo , Jason E., Jason Eyenga-Lokilo ,Eyenga-Lokilo Jason,
Lee Chung-Yong,crystal palace,C. Lee , Chung-Yong L., Chung-Yong Lee ,Lee Chung-Yong,
Rakip Erdal,crystal palace,E. Rakip , Erdal R., Erdal Rakip ,Rakip Erdal,
Schlupp Jeffery,crystal palace,J. Schlupp , Jeffery S., Jeffery Schlupp ,Schlupp Jeffery,
Sorloth Alexander,crystal palace,A. Sorloth , Alexander S., Alexander Sorloth ,Sorloth Alexander,
Zaha Wilfried,crystal palace,W. Zaha , Wilfried Z., Wilfried Zaha ,Zaha Wilfried,
Broadhead Nathan,everton,N. Broadhead , Nathan B., Nathan Broadhead ,Broadhead Nathan,
Calvert-Lewin Dominic,everton,D. Calvert-Lewin , Dominic C., Dominic Calvert-Lewin ,Calvert-Lewin Dominic,
Niasse Oumar,everton,O. Niasse , Oumar N., Oumar Niasse ,Niasse Oumar,
Rooney Wayne,everton,W. Rooney , Wayne R., Wayne Rooney ,Rooney Wayne,
Tosun Cenk,everton,C. Tosun , Cenk T., Cenk Tosun ,Tosun Cenk,
Walcott Theo,everton,T. Walcott , Theo W., Theo Walcott ,Walcott Theo,
Depoitre Laurent,huddersfield,L. Depoitre , Laurent D., Laurent Depoitre ,Depoitre Laurent,
Ince Tom,huddersfield,T. Ince , Tom I., Tom Ince ,Ince Tom,
Kachunga Elias,huddersfield,E. Kachunga , Elias K., Elias Kachunga ,Kachunga Elias,
Mounie Steve,huddersfield,S. Mounie , Steve M., Steve Mounie ,Mounie Steve,
Quaner Collin,huddersfield,C. Quaner , Collin Q., Collin Quaner ,Quaner Collin,
Scannell Sean,huddersfield,S. Scannell , Sean S., Sean Scannell ,Scannell Sean,
Iheanacho Kelechi,leicester,K. Iheanacho , Kelechi I., Kelechi Iheanacho ,Iheanacho Kelechi,
Okazaki Shinji,leicester,S. Okazaki , Shinji O., Shinji Okazaki ,Okazaki Shinji,
Vardy Jamie,leicester,J. Vardy , Jamie V., Jamie Vardy ,Vardy Jamie,
Firmino Roberto,liverpool,R. Firmino , Roberto F., Roberto Firmino ,Firmino Roberto,
Ings Danny,liverpool,D. Ings , Danny I., Danny Ings ,Ings Danny,
Solanke Dominic,liverpool,D. Solanke , Dominic S., Dominic Solanke ,Solanke Dominic,
Woodburn Benjamin,liverpool,B. Woodburn , Benjamin W., Benjamin Woodburn ,Woodburn Benjamin,
Agüero Sergio,manchester city,S. Agüero , Sergio A., Sergio Agüero ,Agüero Sergio,Aguero
Gabriel Jesus,manchester city,J. Gabriel , Jesus G., Jesus Gabriel ,Gabriel Jesus,
Nmecha Lukas,manchester city,L. Nmecha , Lukas N., Lukas Nmecha ,Nmecha Lukas,
Ibrahimovic Zlatan,manchester utd,Z. Ibrahimovic , Zlatan I., Zlatan Ibrahimovic ,Ibrahimovic Zlatan,
Lukaku Romelu,manchester utd,R. Lukaku , Romelu L., Romelu Lukaku ,Lukaku Romelu,
Martial Anthony,manchester utd,A. Martial , Anthony M., Anthony Martial ,Martial Anthony,
Rashford Marcus,manchester utd,M. Rashford , Marcus R., Marcus Rashford ,Rashford Marcus,
Sánchez Alexis,manchester utd,A. Sánchez , Alexis S., Alexis Sánchez ,Sánchez Alexis,
Atsu Christian,newcastle,C. Atsu , Christian A., Christian Atsu ,Atsu Christian,
Gayle Dwight,newcastle,D. Gayle , Dwight G., Dwight Gayle ,Gayle Dwight,
Joselu,newcastle,J. Oriol , Joselu O., Joselu Oriol ,Oriol Joselu, Joselu
Pérez Ayoze,newcastle,A. Pérez , Ayoze P., Ayoze Pérez ,Pérez Ayoze,
Slimani Islam,newcastle,I. Slimani , Islam S., Islam Slimani ,Slimani Islam,
Austin Charlie,southampton,C. Austin , Charlie A., Charlie Austin ,Austin Charlie,
Carrillo Guido,southampton,G. Carrillo , Guido C., Guido Carrillo ,Carrillo Guido,
Gabbiadini Manolo,southampton,M. Gabbiadini , Manolo G., Manolo Gabbiadini ,Gabbiadini Manolo,
Long Shane,southampton,S. Long , Shane L., Shane Long ,Long Shane,
Obafemi Michael,southampton,M. Obafemi , Michael O., Michael Obafemi ,Obafemi Michael,
Pied Jeremy,southampton,J. Pied , Jeremy P., Jeremy Pied ,Pied Jeremy,
Berahino Saido,stoke,S. Berahino , Saido B., Saido Berahino ,Berahino Saido,
Campbell Tyrese,stoke,T. Campbell , Tyrese C., Tyrese Campbell ,Campbell Tyrese,
Choupo-Moting Maxim,stoke,M. Choupo-Moting , Maxim C., Maxim Choupo-Moting ,Choupo-Moting Maxim,
Crouch Peter,stoke,P. Crouch , Peter C., Peter Crouch ,Crouch Peter,
Diouf Mame,stoke,M. Diouf , Mame D., Mame Diouf ,Diouf Mame,
Jesé,stoke,e. Jesé,Jesé J.,Jesé Jesé,Jesé,
Abraham Tammy,swansea,T. Abraham , Tammy A., Tammy Abraham ,Abraham Tammy,
Ayew Jordan,swansea,J. Ayew , Jordan A., Jordan Ayew ,Ayew Jordan,
Bony Wilfried,swansea,W. Bony , Wilfried B., Wilfried Bony ,Bony Wilfried,
Narsingh Luciano,swansea,L. Narsingh , Luciano N., Luciano Narsingh ,Narsingh Luciano,
Kane Harry,tottenham,H. Kane , Harry K., Harry Kane ,Kane Harry,
Llorente Fernando,tottenham,F. Llorente , Fernando L., Fernando Llorente ,Llorente Fernando,
Son Heung-Min,tottenham,H. Son , Heung-Min S., Heung-Min Son ,Son Heung-Min,Son
Sterling Kazaiah,tottenham,K. Sterling , Kazaiah S., Kazaiah Sterling ,Sterling Kazaiah,
Carrillo Andre,watford,A. Carrillo , Andre C., Andre Carrillo ,Carrillo Andre,
Deeney Troy,watford,T. Deeney , Troy D., Troy Deeney ,Deeney Troy,
Gray Andre,watford,A. Gray , Andre G., Andre Gray ,Gray Andre,
Okaka Stefano,watford,S. Okaka , Stefano O., Stefano Okaka ,Okaka Stefano,
Richarlison,watford,icharlison. Richarlison,Richarlison R.,Richarlison Richarlison,Richarlison,Richarlison
Sinclair Jerome,watford,J. Sinclair , Jerome S., Jerome Sinclair ,Sinclair Jerome,
Leko Jonathan,west brom,J. Leko , Jonathan L., Jonathan Leko ,Leko Jonathan,
Rodriguez Jay,west brom,J. Rodriguez , Jay R., Jay Rodriguez ,Rodriguez Jay,
Rondón Jose,west brom,J. Rondón , Jose R., Jose Rondón ,Rondón Jose,
Sturridge Daniel,west brom,D. Sturridge , Daniel S., Daniel Sturridge ,Sturridge Daniel,
Afolayan Oladapo,west ham,O. Afolayan , Oladapo A., Oladapo Afolayan ,Afolayan Oladapo,
Arnautovic Marko,west ham,M. Arnautovic , Marko A., Marko Arnautovic ,Arnautovic Marko,
Carroll Andrew,west ham,A. Carroll , Andrew C., Andrew Carroll ,Carroll Andrew,
Chicharito,west ham,H. Javier , Hernández J., Hernández Javier ,Javier Hernández,Chicarito
Holland Nathan,west ham,N. Holland , Nathan H., Nathan Holland ,Holland Nathan,
Hugill Jordan,west ham,J. Hugill , Jordan H., Jordan Hugill ,Hugill Jordan,
Johnson Benjamin,west ham,B. Johnson , Benjamin J., Benjamin Johnson ,Johnson Benjamin,
